Title,Piccolo,Flute,Oboe,Eng Horn,Clarinet,Bass Clarinet,Bassoon,Sop Sax,Alto Sax,Tenor Sax,Bari Sax,Horn,Trumpet,Trombone,Euphonium,Tuba,Violin,Viola,Cello,Bass
Greensleeves,https://www.sheetmusicplus.com/en/product/greensleeves-piccolo-piano-23665602.html,https://www.sheetmusicplus.com/en/product/greensleeves-flute-piano-23665571.html,https://www.sheetmusicplus.com/en/product/greensleeves-oboe-piano-23665570.html,https://www.sheetmusicplus.com/en/product/greensleeves-english-horn-piano-23665599.html,https://www.sheetmusicplus.com/en/product/greensleeves-clarinet-piano-23665572.html,https://www.sheetmusicplus.com/en/product/greensleeves-bass-clarinet-piano-23665604.html,https://www.sheetmusicplus.com/en/product/greensleeves-bassoon-piano-23665568.html,https://www.sheetmusicplus.com/en/product/greensleeves-soprano-sax-piano-23665577.html,https://www.sheetmusicplus.com/en/product/greensleeves-alto-sax-piano-23665603.html,https://www.sheetmusicplus.com/en/product/greensleeves-tenor-sax-piano-23665573.html,https://www.sheetmusicplus.com/en/product/greensleeves-bari-sax-piano-23665605.html,https://www.sheetmusicplus.com/en/product/greensleeves-horn-piano-23665575.html,https://www.sheetmusicplus.com/en/product/greensleeves-trumpet-piano-23665579.html,https://www.sheetmusicplus.com/en/product/greensleeves-trombone-piano-23665578.html,https://www.sheetmusicplus.com/en/product/greensleeves-euphonium-piano-23665576.html,https://www.sheetmusicplus.com/en/product/greensleeves-tuba-piano-23665610.html,https://www.sheetmusicplus.com/en/product/greensleeves-violin-piano-23665612.html,https://www.sheetmusicplus.com/en/product/greensleeves-viola-piano-23665611.html,https://www.sheetmusicplus.com/en/product/greensleeves-cello-piano-23665569.html,https://www.sheetmusicplus.com/en/product/greensleeves-double-bass-piano-23665574.html
Scarborough Fair,https://www.sheetmusicplus.com/en/product/scarborough-fair-piccolo-piano-23665639.html,https://www.sheetmusicplus.com/en/product/scarborough-fair-flute-piano-23665636.html,https://www.sheetmusicplus.com/en/product/scarborough-fair-oboe-piano-23665638.html,https://www.sheetmusicplus.com/en/product/scarborough-fair-english-horn-piano-23665630.html,https://www.sheetmusicplus.com/en/product/scarborough-fair-clarinet-piano-23665629.html,https://www.sheetmusicplus.com/en/product/scarborough-fair-bass-clarinet-piano-23665654.html,https://www.sheetmusicplus.com/en/product/scarborough-fair-bassoon-piano-23665651.html,https://www.sheetmusicplus.com/en/product/scarborough-fair-soprano-sax-piano-23665640.html,https://www.sheetmusicplus.com/en/product/scarborough-fair-alto-sax-piano-23665658.html,https://www.sheetmusicplus.com/en/product/scarborough-fair-tenor-sax-piano-23665642.html,https://www.sheetmusicplus.com/en/product/scarborough-fair-bari-sax-piano-23665655.html,https://www.sheetmusicplus.com/en/product/scarborough-fair-horn-piano-23665637.html,https://www.sheetmusicplus.com/en/product/scarborough-fair-trumpet-piano-23665643.html,https://www.sheetmusicplus.com/en/product/scarborough-fair-trombone-piano-23665641.html,https://www.sheetmusicplus.com/en/product/scarborough-fair-euphonium-piano-23665634.html,https://www.sheetmusicplus.com/en/product/scarborough-fair-tuba-piano-23665644.html,https://www.sheetmusicplus.com/en/product/scarborough-fair-violin-piano-23665646.html,https://www.sheetmusicplus.com/en/product/scarborough-fair-viola-piano-23665645.html,https://www.sheetmusicplus.com/en/product/scarborough-fair-cello-piano-23665632.html,https://www.sheetmusicplus.com/en/product/scarborough-fair-double-bass-piano-23665631.html
Aura Lee,https://www.sheetmusicplus.com/en/product/aura-lee-piccolo-piano-23666018.html,https://www.sheetmusicplus.com/en/product/aura-lee-flute-piano-23665936.html,https://www.sheetmusicplus.com/en/product/aura-lee-oboe-piano-23666014.html,https://www.sheetmusicplus.com/en/product/aura-lee-english-horn-piano-23666001.html,https://www.sheetmusicplus.com/en/product/aura-lee-clarinet-piano-23666006.html,https://www.sheetmusicplus.com/en/product/aura-lee-bass-clarinet-piano-23666059.html,https://www.sheetmusicplus.com/en/product/aura-lee-bassoon-piano-23666047.html,https://www.sheetmusicplus.com/en/product/aura-lee-soprano-sax-piano-23666079.html,https://www.sheetmusicplus.com/en/product/aura-lee-alto-sax-piano-23665907.html,https://www.sheetmusicplus.com/en/product/aura-lee-tenor-sax-piano-23666025.html,https://www.sheetmusicplus.com/en/product/aura-lee-baritone-sax-piano-23666058.html,https://www.sheetmusicplus.com/en/product/aura-lee-horn-piano-23665939.html,https://www.sheetmusicplus.com/en/product/aura-lee-trumpet-piano-23665943.html,https://www.sheetmusicplus.com/en/product/aura-lee-trombone-piano-23666008.html,https://www.sheetmusicplus.com/en/product/aura-lee-euphonium-piano-23666060.html,https://www.sheetmusicplus.com/en/product/aura-lee-tuba-piano-23665950.html,https://www.sheetmusicplus.com/en/product/aura-lee-violin-piano-23666031.html,https://www.sheetmusicplus.com/en/product/aura-lee-viola-piano-23665951.html,https://www.sheetmusicplus.com/en/product/aura-lee-cello-piano-23666078.html,https://www.sheetmusicplus.com/en/product/aura-lee-double-bass-piano-23666053.html
Amazing Grace,https://www.sheetmusicplus.com/en/product/amazing-grace-piccolo-piano-23666195.html,https://www.sheetmusicplus.com/en/product/amazing-grace-for-flute-and-piano-23596544.html,https://www.sheetmusicplus.com/en/product/amazing-grace-oboe-piano-23666234.html,https://www.sheetmusicplus.com/en/product/amazing-grace-english-horn-piano-23666285.html,https://www.sheetmusicplus.com/en/product/amazing-grace-for-clarinet-and-piano-23596498.html,https://www.sheetmusicplus.com/en/product/amazing-grace-bass-clarinet-piano-23666102.html,https://www.sheetmusicplus.com/en/product/amazing-grace-bassoon-piano-23666244.html,https://www.sheetmusicplus.com/en/product/amazing-grace-soprano-sax-piano-23666118.html,https://www.sheetmusicplus.com/en/product/amazing-grace-alto-sax-piano-23666099.html,https://www.sheetmusicplus.com/en/product/amazing-grace-tenor-sax-piano-23666117.html,https://www.sheetmusicplus.com/en/product/amazing-grace-baritone-sax-piano-23666100.html,https://www.sheetmusicplus.com/en/product/amazing-grace-horn-piano-23666112.html,https://www.sheetmusicplus.com/en/product/amazing-grace-trumpet-piano-23666199.html,https://www.sheetmusicplus.com/en/product/amazing-grace-trombone-piano-23666242.html,https://www.sheetmusicplus.com/en/product/amazing-grace-euphonium-piano-23666253.html,https://www.sheetmusicplus.com/en/product/amazing-grace-tuba-piano-23666122.html,https://www.sheetmusicplus.com/en/product/amazing-grace-violin-piano-23666121.html,https://www.sheetmusicplus.com/en/product/amazing-grace-viola-piano-23666128.html,https://www.sheetmusicplus.com/en/product/amazing-grace-cello-piano-23666109.html,https://www.sheetmusicplus.com/en/product/amazing-grace-double-bass-piano-23666108.html
Never Coming Back (Duet),https://www.sheetmusicplus.com/en/product/never-coming-back-23666150.html,https://www.sheetmusicplus.com/en/product/never-coming-back-23666264.html,https://www.sheetmusicplus.com/en/product/never-coming-back-23666151.html,https://www.sheetmusicplus.com/en/product/never-coming-back-23666266.html,https://www.sheetmusicplus.com/en/product/never-coming-back-23666139.html,https://www.sheetmusicplus.com/en/product/never-coming-back-23666138.html,https://www.sheetmusicplus.com/en/product/never-coming-back-23666137.html,https://www.sheetmusicplus.com/en/product/never-coming-back-23666276.html,https://www.sheetmusicplus.com/en/product/never-coming-back-23666205.html,https://www.sheetmusicplus.com/en/product/never-coming-back-23666261.html,https://www.sheetmusicplus.com/en/product/never-coming-back-23666135.html,https://www.sheetmusicplus.com/en/product/never-coming-back-23666148.html,https://www.sheetmusicplus.com/en/product/never-coming-back-23666256.html,https://www.sheetmusicplus.com/en/product/never-coming-back-23666254.html,https://www.sheetmusicplus.com/en/product/never-coming-back-23666209.html,N/A,https://www.sheetmusicplus.com/en/product/never-coming-back-23666146.html,https://www.sheetmusicplus.com/en/product/never-coming-back-23666214.html,https://www.sheetmusicplus.com/en/product/never-coming-back-23666143.html,N/A
Simple Gifts,https://www.sheetmusicplus.com/en/product/simple-gifts-piccolo-piano-23666231.html,https://www.sheetmusicplus.com/en/product/simple-gifts-flute-piano-23666274.html,https://www.sheetmusicplus.com/en/product/simple-gifts-oboe-piano-23666267.html,https://www.sheetmusicplus.com/en/product/simple-gifts-english-horn-piano-23666219.html,https://www.sheetmusicplus.com/en/product/simple-gifts-clarinet-piano-23666172.html,https://www.sheetmusicplus.com/en/product/simple-gifts-bass-clarinet-piano-23666160.html,https://www.sheetmusicplus.com/en/product/simple-gifts-bassoon-piano-23666166.html,https://www.sheetmusicplus.com/en/product/simple-gifts-soprano-sax-piano-23666222.html,https://www.sheetmusicplus.com/en/product/simple-gifts-alto-sax-piano-23666259.html,https://www.sheetmusicplus.com/en/product/simple-gifts-tenor-sax-piano-23666176.html,https://www.sheetmusicplus.com/en/product/simple-gifts-baritone-sax-piano-23666215.html,https://www.sheetmusicplus.com/en/product/simple-gifts-horn-piano-23666286.html,https://www.sheetmusicplus.com/en/product/simple-gifts-trumpet-piano-23666233.html,https://www.sheetmusicplus.com/en/product/simple-gifts-trombone-piano-23666282.html,https://www.sheetmusicplus.com/en/product/simple-gifts-euphonium-piano-23666226.html,https://www.sheetmusicplus.com/en/product/simple-gifts-tuba-piano-23666228.html,https://www.sheetmusicplus.com/en/product/simple-gifts-violin-piano-23666177.html,https://www.sheetmusicplus.com/en/product/simple-gifts-viola-piano-23666247.html,https://www.sheetmusicplus.com/en/product/simple-gifts-cello-piano-23666171.html,https://www.sheetmusicplus.com/en/product/simple-gifts-double-bass-piano-23666173.html
Sarabande (Handel),https://www.sheetmusicplus.com/en/product/sarabande-piccolo-piano-23667070.html,https://www.sheetmusicplus.com/en/product/sarabande-flute-piano-23667074.html,https://www.sheetmusicplus.com/en/product/sarabande-oboe-piano-23667075.html,https://www.sheetmusicplus.com/en/product/sarabande-english-horn-piano-23667147.html,https://www.sheetmusicplus.com/en/product/sarabande-clarinet-piano-23667068.html,https://www.sheetmusicplus.com/en/product/sarabande-bass-clarinet-piano-23667063.html,https://www.sheetmusicplus.com/en/product/sarabande-bassoon-piano-23667142.html,https://www.sheetmusicplus.com/en/product/sarabande-soprano-sax-piano-23667077.html,https://www.sheetmusicplus.com/en/product/sarabande-alto-sax-piano-23667139.html,https://www.sheetmusicplus.com/en/product/sarabande-tenor-sax-piano-23667081.html,https://www.sheetmusicplus.com/en/product/sarabande-baritone-sax-piano-23667061.html,https://www.sheetmusicplus.com/en/product/sarabande-horn-piano-23667071.html,https://www.sheetmusicplus.com/en/product/sarabande-trumpet-piano-23667140.html,https://www.sheetmusicplus.com/en/product/sarabande-trombone-piano-23667083.html,https://www.sheetmusicplus.com/en/product/sarabande-euphonium-piano-23667073.html,N/A,https://www.sheetmusicplus.com/en/product/sarabande-violin-piano-23667085.html,https://www.sheetmusicplus.com/en/product/sarabande-viola-piano-23667084.html,https://www.sheetmusicplus.com/en/product/sarabande-cello-piano-23667065.html,N/A
Six Selections from Kinderszenen (Schumann),https://www.sheetmusicplus.com/en/product/six-selections-from-kinderszenen-piccolo-piano-23667280.html,https://www.sheetmusicplus.com/en/product/six-selections-from-kinderszenen-flute-piano-23667186.html,https://www.sheetmusicplus.com/en/product/six-selections-from-kinderszenen-oboe-piano-23667193.html,https://www.sheetmusicplus.com/en/product/six-selections-from-kinderszenen-english-horn-piano-23667307.html,https://www.sheetmusicplus.com/en/product/six-selections-from-kinderszenen-clarinet-piano-23667185.html,https://www.sheetmusicplus.com/en/product/six-selections-from-kinderszenen-bass-clarinet-piano-23667309.html,https://www.sheetmusicplus.com/en/product/six-selections-from-kinderszenen-bassoon-piano-23667182.html,https://www.sheetmusicplus.com/en/product/six-selections-from-kinderszenen-soprano-sax-piano-23667189.html,https://www.sheetmusicplus.com/en/product/six-selections-from-kinderszenen-alto-sax-piano-23667178.html,https://www.sheetmusicplus.com/en/product/six-selections-from-kinderszenen-tenor-sax-piano-23667305.html,https://www.sheetmusicplus.com/en/product/six-selections-from-kinderszenen-baritone-sax-piano-23667183.html,https://www.sheetmusicplus.com/en/product/six-selections-from-kinderszenen-horn-piano-23667194.html,https://www.sheetmusicplus.com/en/product/six-selections-from-kinderszenen-trumpet-piano-23667195.html,N/A,N/A,N/A,https://www.sheetmusicplus.com/en/product/six-selections-from-kinderszenen-violin-piano-23667190.html,https://www.sheetmusicplus.com/en/product/six-selections-from-kinderszenen-viola-piano-23667192.html,https://www.sheetmusicplus.com/en/product/six-selections-from-kinderszenen-cello-piano-23667273.html,N/A
Morning Prayer (Tchaikovsky),https://www.sheetmusicplus.com/en/product/morning-prayer-piccolo-piano-23667168.html,https://www.sheetmusicplus.com/en/product/morning-prayer-flute-piano-23667163.html,https://www.sheetmusicplus.com/en/product/morning-prayer-oboe-piano-23667167.html,https://www.sheetmusicplus.com/en/product/morning-prayer-english-horn-piano-23667162.html,https://www.sheetmusicplus.com/en/product/morning-prayer-clarinet-piano-23667154.html,https://www.sheetmusicplus.com/en/product/morning-prayer-bass-clarinet-piano-23667150.html,https://www.sheetmusicplus.com/en/product/morning-prayer-bassoon-piano-23667152.html,https://www.sheetmusicplus.com/en/product/morning-prayer-soprano-sax-piano-23667171.html,https://www.sheetmusicplus.com/en/product/morning-prayer-alto-sax-piano-23667116.html,https://www.sheetmusicplus.com/en/product/morning-prayer-tenor-sax-piano-23667172.html,https://www.sheetmusicplus.com/en/product/morning-prayer-baritone-sax-piano-23667117.html,https://www.sheetmusicplus.com/en/product/morning-prayer-horn-piano-23667164.html,https://www.sheetmusicplus.com/en/product/morning-prayer-trumpet-piano-23667174.html,https://www.sheetmusicplus.com/en/product/morning-prayer-trombone-piano-23667170.html,https://www.sheetmusicplus.com/en/product/morning-prayer-euphonium-piano-23667161.html,https://www.sheetmusicplus.com/en/product/morning-prayer-tuba-piano-23667276.html,https://www.sheetmusicplus.com/en/product/morning-prayer-violin-piano-23667175.html,https://www.sheetmusicplus.com/en/product/morning-prayer-viola-piano-23667169.html,https://www.sheetmusicplus.com/en/product/morning-prayer-cello-piano-23667156.html,https://www.sheetmusicplus.com/en/product/morning-prayer-double-bass-piano-23667155.html
Ode to Joy (Beethoven),Piccolo - Bb Major,Flute - Bb Major,Oboe - Bb Major,Eng Horn - Bb Major,Clarinet - Bb Major,Bass Clarinet - Bb Major,Bassoon - Bb Major,Sop Sax - Bb Major,Alto Sax - Bb Major,Tenor Sax - Bb Major,Bari Sax - Bb Major,N/A,N/A,N/A,N/A,N/A,Violin - D Major,Viola - D Major,N/A,N/A
Eternal Source of Light Divine (Handel),Piccolo - Bb Major,Flute - Bb Major,Oboe - Bb Major,Eng Horn - Bb Major,Clarinet - Bb Major,Bass Clarinet - Bb Major,Bassoon - F Major,Sop Sax - Bb Major,Alto Sax - Bb Major,Tenor Sax - Bb Major,Bari Sax - Bb Major,Horn - Bb Major,Trumpet - Bb Major,Trombone - F Major,Euphonium - F Major,N/A,Violin - D Major,Viola - D Major,Cello - D Major,N/A
Lullaby (Brahms),Piccolo - Bb Major,Flute - Bb Major,Oboe - Bb Major,Eng Horn - F Major,Clarinet - Bb Major,Bass Clarinet - Bb Major,Bassoon - Bb Major,Sop Sax - F Major,Alto Sax - Bb Major,Tenor Sax - Bb Major,Bari Sax - Bb Major,Horn - Bb Major,Trumpet - Bb Major,Trombone - Bb Major,Euphonium - Bb Major,Tuba - Bb Major,Violin - G Major,Viola - G Major,Cello - G Major,Bass - G Major
"Twinkle, Twinkle, Little Star (Mozart)",Piccolo - Bb Major,Flute - Bb Major,Oboe - Bb Major,Eng Horn - Bb Major,Clarinet - Bb Major,Bass Clarinet - Bb Major,Bassoon - Bb Major,Sop Sax - Bb Major,Alto Sax - Bb Major,Tenor Sax - Bb Major,N/A,N/A,N/A,N/A,N/A,N/A,Violin - C Major,Viola - C Major,N/A,N/A
Shenandoah,Piccolo - Bb Major,Flute - Bb Major,Oboe - Bb Major,Eng Horn - Eb Major,Clarinet - Bb Major,Bass Clarinet - Bb Major,Bassoon - Bb Major,Sop Sax - Eb Major,Alto Sax - Bb Major,Tenor Sax - Eb Major,Bari Sax - Bb Major,Horn - Bb Major,Trumpet - Eb Major,Trombone - Bb Major,Euphonium - Bb Major,Tuba - Bb Major,Violin - D Major,Viola - D Major,Cello - D Major,Bass - D Major
Oh! Susanna,Piccolo - Bb Major,Flute - Bb Major,Oboe - Bb Major,Eng Horn - Bb Major,Clarinet - Bb Major,Bass Clarinet - Bb Major,Bassoon - Bb Major,Sop Sax - Eb Major,Alto Sax - Bb Major,Tenor Sax - Eb Major,Bari Sax - Bb Major,Horn - Bb Major,Trumpet - Bb Major,Trombone - Bb Major,Euphonium - Bb Major,Tuba - Bb Major,Violin - Bb Major,Viola - Bb Major,Cello - Bb Major,Bass - Bb Major
Battle Hymn of the Republic,Piccolo - Eb Major,Flute - Eb Major,Oboe - Eb Major,Eng Horn - Eb Major,Clarinet - Eb Major,Bass Clarinet - Eb Major,Bassoon - Eb Major,Sop Sax - Eb Major,Alto Sax - Eb Major,Tenor Sax - Eb Major,Bari Sax - Eb Major,Horn - Eb Major,Trumpet - Bb Major,Trombone - Eb Major,Euphonium - Eb Major,N/A,Violin - D Major,Viola - D Major,Cello - D Major,N/A
O Perfect Love,Piccolo - Bb Major,Flute - Bb Major,Oboe - Bb Major,Eng Horn - Bb Major,Clarinet - Bb Major,Bass Clarinet - Bb Major,Bassoon - Eb Major,Sop Sax - Eb Major,Alto Sax - Bb Major,Tenor Sax - Eb Major,Bari Sax - Bb Major,Horn - Eb Major,Trumpet - Eb Major,Trombone - Bb Major,Euphonium - Bb Major,N/A,Violin - A Major,Viola - A Major,Cello - D Major,N/A
Arirang,Piccolo - Bb Major,Flute - Bb Major,Oboe - Bb Major,Eng Horn - Bb Major,Clarinet - Bb Major,Bass Clarinet - Bb Major,Bassoon - Bb Major,Sop Sax - Bb Major,Alto Sax - Bb Major,Tenor Sax - Bb Major,Bari Sax - Bb Major,Horn - Bb Major,Trumpet - Bb Major,Trombone - Bb Major,Euphonium - Bb Major,N/A,Violin - D Major,Viola - D Major,Cello - D Major,N/A
Venetian Boat Song No. 1,Piccolo - C Minor,Flute - G Minor,Oboe - C Minor,Eng Horn - C Minor,Clarinet - G Minor,Bass Clarinet - G Minor,Bassoon - G Minor,Sop Sax - G Minor,Alto Sax - G Minor,Tenor Sax - G Minor,Bari Sax - G Minor,Horn - G Minor,Trumpet - C Minor,Trombone - G Minor,Euphonium - G Minor,Tuba - G Minor,Violin - G Minor,Viola - G Minor,Cello - G Minor,Bass - G Minor
Wellerman,Piccolo - C Minor,Flute - C Minor,Oboe - C Minor,Eng Horn - C Minor,Clarinet - C Minor,Bass Clarinet - C Minor,Bassoon - C Minor,Sop Sax - C Minor,Alto Sax - C Minor,Tenor Sax - C Minor,Bari Sax - C Minor,Horn - C Minor,Trumpet - C Minor,Trombone - C Minor,Euphonium - C Minor,Tuba - C Minor,Violin - D Minor,Viola - D Minor,Cello - D Minor,Bass - D Minor
Tarry With Me,Piccolo - Eb Major,Flute - Eb Major,Oboe - Bb Major,Eng Horn - Eb Major,Clarinet - Bb Major,Bass Clarinet - Bb Major,Bassoon - Bb Major,Sop Sax - Bb Major,Alto Sax - Bb Major,Tenor Sax - Bb Major,Bari Sax - Bb Major,Horn - Bb Major,Trumpet - Eb Major,Trombone - Bb Major,Euphonium - Bb Major,Tuba - Bb Major,Violin - D Major,Viola - D Major,Cello - D Major,Bass - D Major
The Washington Post (March),Piccolo - F Major,Flute - F Major,Oboe - F Major,Eng Horn - F Major,Clarinet - F Major,Bass Clarinet - F Major,Bassoon - F Major,Sop Sax - F Major,Alto Sax - F Major,Tenor Sax - F Major,Bari Sax - F Major,Horn - F Major,Trumpet - F Major,Trombone - F Major,Euphonium - F Major,N/A,Violin - F Major,Viola - F Major,Cello - F Major,N/A
6 Gnossiennes,Piccolo - G Minor,Flute - G Minor,Oboe - G Minor,Eng Horn - C Minor,Clarinet - C Minor,Bass Clarinet - C Minor,Bassoon - G Minor,Sop Sax - C Minor,Alto Sax - G Minor,Tenor Sax - C Minor,Bari Sax - G Minor,Horn - C Minor,Trumpet - C Minor,N/A,N/A,N/A,Violin - F Minor,Viola - F Minor,Cello - F Minor,N/A
Danny Boy,Piccolo - Eb Major,Flute - Eb Major,Oboe - F Major,Eng Horn - Eb Major,Clarinet - Eb Major,Bass Clarinet - Eb Major,Bassoon - Eb Major,Sop Sax - Eb Major,Alto Sax - Eb Major,Tenor Sax - Eb Major,Bari Sax - Eb Major,Horn - Eb Major,Trumpet - Eb Major,Trombone - Eb Major,Euphonium - Eb Major,Tuba - Eb Major,Violin - D Major,Viola - D Major,Cello - D Major,Bass - D Major
Drunken Sailor,Piccolo - D Minor,Flute - D Minor,Oboe - D Minor,Eng Horn - D Minor,Clarinet - D Minor,Bass Clarinet - D Minor,Bassoon - D Minor,Sop Sax - D Minor,Alto Sax - D Minor,Tenor Sax - D Minor,Bari Sax - D Minor,N/A,N/A,N/A,N/A,N/A,Violin - D Minor,Viola - D Minor,Cello - D Minor,N/A
Auld Lang Syne,Piccolo - Eb Major,Flute - Eb Major,Oboe - Eb Major,Eng Horn - Eb Major,Clarinet - Eb Major,Bass Clarinet - Eb Major,Bassoon - Eb Major,Sop Sax - Bb Major,Alto Sax - Eb Major,Tenor Sax - Bb Major,Bari Sax - Eb Major,Horn - Bb Major,Trumpet - Eb Major,Trombone - Eb Major,Euphonium - Eb Major,Tuba - Eb Major,Violin - D Major,Viola - D Major,Cello - D Major,Bass - D Major
Arabesque (Burgmuller),Piccolo - C Minor,Flute - C Minor,Oboe - C Minor,Eng Horn - C Minor,Clarinet - C Minor,Bass Clarinet - C Minor,Bassoon - C Minor,Sop Sax - C Minor,Alto Sax - C Minor,Tenor Sax - C Minor,Bari Sax - C Minor,Horn - C Minor,Trumpet - C Minor,Trombone - C Minor,Euphonium - C Minor,Tuba - C Minor,Violin - A Minor,Viola - A Minor,Cello - A Minor,Bass - A Minor
Waltz in A Minor (Chopin),Piccolo - A Minor,Flute - A Minor,Oboe - A Minor,Eng Horn - A Minor,Clarinet - A Minor,Bass Clarinet - A Minor,Bassoon - A Minor,Sop Sax - A Minor,Alto Sax - A Minor,Tenor Sax - A Minor,Bari Sax - A Minor,Horn - A Minor,Trumpet - A Minor,Trombone - A Minor,Euphonium - A Minor,N/A,Violin - A Minor,Viola - A Minor,Cello - A Minor,N/A
Musette (Bach),Piccolo - Eb Major,Flute - Eb Major,Oboe - Eb Major,Eng Horn - Eb Major,Clarinet - Eb Major,Bass Clarinet - Eb Major,Bassoon - Eb Major,Sop Sax - Eb Major,Alto Sax - Eb Major,Tenor Sax - Eb Major,Bari Sax - Eb Major,Horn - Eb Major,Trumpet - Eb Major,Trombone - Eb Major,Euphonium - Eb Major,Tuba - Eb Major,Violin - D Major,Viola - D Major,Cello - D Major,Bass - D Major
Whispering Hope,Piccolo - Eb Major,Flute - Eb Major,Oboe - Eb Major,Eng Horn - Eb Major,Clarinet - Eb Major,Bass Clarinet - Eb Major,Bassoon - Eb Major,Sop Sax - Eb Major,Alto Sax - Eb Major,Tenor Sax - Eb Major,Bari Sax - Eb Major,Horn - Eb Major,Trumpet - Eb Major,Trombone - Eb Major,Euphonium - Eb Major,Tuba - Eb Major,Violin - D Major,Viola - D Major,Cello - D Major,Bass - D Major